Project_ID,Project_Name,Department,Project_Manager,Budget,Actual_Spend,Planned_Duration_Days,Actual_Duration_Days,Task_Completion_Percent,Resource_Utilization_Percent,Team_Size,Delay_Days,Risk_Level,Client_Satisfaction
P001,Process Improvement 001,Sales,Manager D,2192743,1932242.73,80,90,76.68,71.48,12,10,Low,92.7
P002,Product Launch 002,Product,Manager E,2266891,2009292.83,217,221,86.41,75.44,16,4,Low,75.58
P003,Infrastructure Upgrade 003,Operations,Manager C,4030409,4058763.7,74,76,99.41,69.56,29,2,Low,76.16
P004,Process Improvement 004,Operations,Manager G,3070406,3897168.54,77,139,38.66,96.64,12,62,Critical,31.03
P005,Marketing Campaign 005,Product,Manager A,3057489,3497513.42,163,213,56.85,82.65,8,50,High,62.94
P006,Data Analytics 006,Sales,Manager H,3379190,3686882.61,99,121,75.05,93.99,5,22,High,50.47
P007,Digital Transformation 007,IT,Manager H,2730919,3110366.9,122,140,76.25,99.4,16,18,High,59.93
P008,Data Analytics 008,Sales,Manager G,4642807,5312960.99,96,123,61.84,87.93,18,27,High,59.81
P009,Infrastructure Upgrade 009,IT,Manager G,622409,532960.01,183,189,84.71,71.88,8,6,Low,97.69
P010,Process Improvement 010,Sales,Manager G,3844014,3992280.37,230,236,70.64,67.24,6,6,Low,90.61
P011,Process Improvement 011,Product,Manager A,2075557,2186484.47,87,97,71.19,94.9,29,10,High,74.54
P012,Infrastructure Upgrade 012,IT,Manager C,3048421,2726573.47,214,216,73.54,66.74,26,2,Low,80.47
P013,Digital Transformation 013,IT,Manager D,2386013,2360389.26,111,113,74.97,67.52,21,2,Low,81.67
P014,Marketing Campaign 014,Marketing,Manager B,3495765,3606417.07,146,148,83.58,77.02,30,2,Low,99.64
P015,Infrastructure Upgrade 015,Sales,Manager D,2706903,2735671.83,182,186,87.17,75.81,15,4,Low,95.41
P016,Marketing Campaign 016,IT,Manager A,2159066,2400665.94,129,173,50.23,85.97,5,44,High,56.93
P017,Digital Transformation 017,Sales,Manager B,4112600,6146899.66,237,323,42.26,97.18,20,86,Critical,58.96
P018,System Upgrade 018,HR,Manager E,4614639,4726517.73,190,205,69.52,97.68,20,15,High,53.04
P019,Process Improvement 019,Operations,Manager A,3583153,3393685.73,187,189,72.85,76.3,5,2,Low,75.45
P020,Marketing Campaign 020,Product,Manager E,628391,627635.63,194,226,68.84,85.73,5,32,High,62.31
P021,Marketing Campaign 021,IT,Manager E,4272962,4481953.01,108,112,91.17,82.09,9,4,Low,98.21
P022,Process Improvement 022,IT,Manager F,615294,827929.74,158,210,63.08,97.34,30,52,Critical,57.9
P023,Product Launch 023,Product,Manager H,1605534,1468277.14,214,221,89.59,77.43,20,7,Low,88.82
P024,Product Launch 024,Marketing,Manager G,1992785,2550750.42,212,232,56.52,80.95,23,20,High,68.45
P025,Product Launch 025,Finance,Manager B,4683839,4126501.14,145,150,66.07,74.77,24,5,Low,75.97
P026,System Upgrade 026,Sales,Manager F,961243,1142798.74,160,178,74.12,83.11,24,18,High,63.32
P027,Product Launch 027,Marketing,Manager D,3467197,3961375.49,206,253,65.65,82.28,5,47,High,50.2
P028,Product Launch 028,IT,Manager G,2211741,2391825.96,177,206,57.59,85.4,16,29,High,61.98
P029,Data Analytics 029,Operations,Manager E,3599320,3092537.65,88,88,99.28,67.79,9,0,Low,86.85
P030,Process Improvement 030,Marketing,Manager B,4002630,3749545.03,159,165,98.22,61.2,8,6,Low,76.13
P031,Product Launch 031,Sales,Manager B,4966271,6572560.63,60,80,72.26,89.1,22,20,High,74.33
P032,Process Improvement 032,IT,Manager A,3484626,4467946.82,230,276,35.55,94.6,23,46,Critical,48.55
P033,Product Launch 033,Sales,Manager A,3146791,3473848.17,152,179,76.94,97.4,8,27,High,62.54
P034,Marketing Campaign 034,HR,Manager A,3140328,3300863.23,211,225,72.0,94.67,27,14,High,72.64
P035,Digital Transformation 035,IT,Manager F,2507635,2280761.83,171,173,65.38,69.73,13,2,Low,96.18
P036,Marketing Campaign 036,IT,Manager G,4121581,3909752.89,187,191,86.09,62.29,24,4,Low,91.81
P037,Infrastructure Upgrade 037,Finance,Manager E,697775,723024.56,116,125,84.23,61.44,9,9,Low,93.43
P038,System Upgrade 038,HR,Manager C,2276203,2195517.52,68,119,47.44,87.01,9,51,High,52.0
P039,Data Analytics 039,HR,Manager A,1786643,2402141.69,204,282,47.73,97.35,30,78,Critical,39.91
P040,Process Improvement 040,Product,Manager C,4387857,3833949.66,185,193,88.84,78.61,29,8,Low,84.37
P041,Digital Transformation 041,IT,Manager A,4535493,6693184.47,176,246,64.08,97.32,22,70,Critical,34.99
P042,Infrastructure Upgrade 042,IT,Manager F,3098260,3598854.48,113,123,73.6,81.83,12,10,High,64.24
P043,Product Launch 043,Finance,Manager B,4275803,3942585.48,237,240,89.44,84.66,21,3,Low,81.99
P044,Process Improvement 044,HR,Manager D,2679996,3955012.04,200,244,60.98,99.6,17,44,Critical,34.95
P045,Digital Transformation 045,IT,Manager F,4571647,4571261.43,236,244,94.47,84.25,17,8,Low,76.59
P046,Infrastructure Upgrade 046,IT,Manager C,500404,558124.66,114,128,64.45,98.3,25,14,High,63.52
P047,System Upgrade 047,Product,Manager A,3531756,3476449.18,63,64,68.97,68.95,30,1,Low,87.45
P048,System Upgrade 048,Product,Manager F,3215514,3500065.72,109,133,74.62,95.94,18,24,High,71.12
P049,Data Analytics 049,Operations,Manager G,827359,1042049.78,97,102,66.9,86.75,27,5,High,73.09
P050,Process Improvement 050,IT,Manager E,3030179,4084031.1,197,244,52.39,95.25,15,47,Critical,32.28
P051,Infrastructure Upgrade 051,IT,Manager G,3857519,3817144.33,154,157,77.1,64.55,7,3,Low,96.86
P052,Product Launch 052,Operations,Manager E,2101596,2131770.98,181,182,71.2,66.96,25,1,Low,88.72
P053,Marketing Campaign 053,HR,Manager A,4746049,6110808.34,236,248,82.63,88.1,21,12,High,66.92
P054,Digital Transformation 054,IT,Manager H,4482588,4142334.56,239,244,91.6,65.9,18,5,Low,86.56
P055,Data Analytics 055,HR,Manager B,2578007,2679793.09,174,233,48.15,81.75,27,59,High,56.32
P056,Digital Transformation 056,Marketing,Manager G,4220464,3688484.75,145,145,81.59,68.57,14,0,Low,94.73
P057,Infrastructure Upgrade 057,HR,Manager B,1423875,1433493.53,170,200,63.23,90.29,28,30,High,59.95
P058,Digital Transformation 058,Product,Manager E,4359744,3839067.74,240,246,94.78,72.2,28,6,Low,97.42
P059,System Upgrade 059,Sales,Manager C,3353406,3766215.06,99,129,59.72,91.58,10,30,High,65.06
P060,Infrastructure Upgrade 060,IT,Manager B,744761,801468.26,238,264,72.68,96.71,18,26,High,58.66
P061,System Upgrade 061,HR,Manager F,2105118,2039389.1,159,164,69.7,68.42,27,5,Low,88.72
P062,Product Launch 062,Marketing,Manager E,3654240,4052032.86,122,177,69.92,90.8,16,55,High,57.26
P063,System Upgrade 063,HR,Manager H,4109736,3547932.02,221,228,66.68,78.04,12,7,Low,95.7
P064,Marketing Campaign 064,HR,Manager F,4425282,4815795.44,224,251,65.98,98.72,18,27,High,76.99
P065,Digital Transformation 065,HR,Manager F,3795374,3523232.1,212,213,96.73,73.59,23,1,Low,88.57
P066,System Upgrade 066,Product,Manager F,3742374,3285259.54,238,238,96.29,73.34,8,0,Low,99.94
P067,Process Improvement 067,IT,Manager A,2399492,2641665.67,214,251,70.39,76.88,28,37,High,63.12
P068,Process Improvement 068,Sales,Manager E,626108,628848.1,106,116,89.29,76.03,8,10,Low,92.9
P069,Marketing Campaign 069,Operations,Manager E,888349,795490.05,133,139,98.15,71.55,16,6,Low,97.8
P070,Digital Transformation 070,Product,Manager B,1170688,1117544.06,170,222,47.07,81.37,23,52,High,67.09
P071,System Upgrade 071,IT,Manager F,2502324,2587676.63,149,173,56.37,95.79,13,24,High,56.17
P072,Product Launch 072,IT,Manager E,4735042,4842544.63,122,127,77.14,68.66,6,5,Low,97.96
P073,Marketing Campaign 073,Operations,Manager C,3249178,3137167.11,238,241,97.02,70.47,21,3,Low,94.51
P074,Product Launch 074,Operations,Manager F,1795302,2253712.37,140,181,37.01,97.57,27,41,Critical,42.8
P075,Data Analytics 075,Operations,Manager F,3819260,4119677.42,89,115,68.99,95.81,8,26,High,55.46
P076,Infrastructure Upgrade 076,HR,Manager G,1627199,1592702.23,69,69,70.47,60.63,22,0,Low,96.67
P077,Infrastructure Upgrade 077,IT,Manager A,3102967,3133944.59,131,133,84.49,82.19,12,2,Low,77.49
P078,Data Analytics 078,Product,Manager H,1108746,1090581.44,203,207,76.34,70.16,22,4,Low,75.33
P079,Infrastructure Upgrade 079,Sales,Manager A,2526580,2590474.21,206,207,93.61,82.32,24,1,Low,83.4
P080,System Upgrade 080,Sales,Manager B,2437878,2376516.08,178,183,77.7,79.35,25,5,Low,82.36
P081,Data Analytics 081,Finance,Manager B,2483851,2392334.31,83,93,92.99,82.36,21,10,Low,87.12
P082,Digital Transformation 082,IT,Manager F,3156807,2771270.0,84,94,69.63,70.54,17,10,Low,92.28
P083,Data Analytics 083,HR,Manager C,1514929,1462365.96,187,192,79.18,61.68,10,5,Low,95.74
P084,Product Launch 084,Sales,Manager E,1216756,1640530.4,86,130,47.56,99.49,30,44,Critical,42.66
P085,Data Analytics 085,Marketing,Manager D,3837920,3854028.46,110,114,80.3,80.93,8,4,Low,92.98
P086,System Upgrade 086,Sales,Manager H,878165,914009.4,157,162,72.52,78.31,8,5,Low,88.5
P087,Marketing Campaign 087,Operations,Manager C,3268362,3168247.4,140,141,81.6,75.58,13,1,Low,76.88
P088,Digital Transformation 088,IT,Manager A,4375754,3935029.84,163,165,65.08,61.94,23,2,Low,81.8
P089,System Upgrade 089,Marketing,Manager D,1116036,1147028.25,103,128,73.31,99.11,25,25,High,72.77
P090,Data Analytics 090,HR,Manager F,964071,1168288.27,84,128,64.98,97.53,30,44,Critical,47.04
P091,Data Analytics 091,Marketing,Manager G,1164180,1204785.71,66,67,92.84,70.54,24,1,Low,96.11
P092,Product Launch 092,Marketing,Manager C,566150,587780.57,76,123,54.46,76.11,21,47,High,61.15
P093,Process Improvement 093,Product,Manager A,4328433,4342242.48,220,242,78.48,96.7,7,22,High,52.1
P094,Process Improvement 094,Product,Manager D,3303696,3222759.06,121,128,78.94,66.79,29,7,Low,83.41
P095,Digital Transformation 095,Finance,Manager E,2629885,2421925.35,236,237,73.18,67.41,29,1,Low,81.93
P096,Infrastructure Upgrade 096,HR,Manager F,666472,657094.38,202,212,92.52,83.75,15,10,Low,89.71
P097,Infrastructure Upgrade 097,Sales,Manager H,3096874,4080333.25,121,131,70.38,84.12,14,10,High,61.17
P098,Digital Transformation 098,IT,Manager B,4328464,4930825.35,62,88,64.91,94.22,22,26,High,64.74
P099,System Upgrade 099,IT,Manager H,2605058,2494069.2,72,80,95.1,82.37,15,8,Low,96.94
P100,Marketing Campaign 100,Operations,Manager C,991036,1011291.49,196,205,87.93,80.24,9,9,Low,93.38
P101,Marketing Campaign 101,Marketing,Manager H,2225690,2128918.12,192,196,88.91,65.5,9,4,Low,99.79
P102,Process Improvement 102,Marketing,Manager H,1006079,1330940.48,121,126,78.92,88.18,12,5,High,66.13
P103,Digital Transformation 103,Operations,Manager C,605228,627027.14,166,169,91.35,75.47,11,3,Low,97.04
P104,Digital Transformation 104,HR,Manager B,1209662,1226584.43,82,86,70.63,78.59,8,4,Low,88.9
P105,Marketing Campaign 105,HR,Manager E,2761286,3180489.2,72,89,58.21,86.7,11,17,High,73.53
P106,Marketing Campaign 106,Marketing,Manager G,2164221,2245261.76,96,99,75.53,61.7,21,3,Low,94.27
P107,Data Analytics 107,IT,Manager B,1272800,1577243.15,81,96,77.75,76.95,11,15,High,61.64
P108,Infrastructure Upgrade 108,IT,Manager F,2054510,2339800.75,219,278,49.91,82.67,27,59,High,69.78
P109,Product Launch 109,Operations,Manager D,3986669,4370401.89,143,183,73.94,89.58,23,40,High,53.23
P110,Digital Transformation 110,Operations,Manager C,2347865,2403521.77,183,222,61.3,83.02,18,39,High,51.11
P111,Infrastructure Upgrade 111,HR,Manager E,2942266,3492739.77,233,252,58.52,82.22,21,19,High,75.18
P112,Digital Transformation 112,Finance,Manager D,4497615,4682215.24,122,154,65.41,82.9,22,32,High,59.4
P113,System Upgrade 113,Sales,Manager F,3710016,5550179.4,161,227,49.47,94.11,24,66,Critical,40.38
P114,Digital Transformation 114,Marketing,Manager D,1073441,1230828.87,92,115,75.54,97.85,14,23,High,55.02
P115,System Upgrade 115,IT,Manager H,1943717,2748855.27,68,122,59.44,96.04,11,54,Critical,49.82
P116,Product Launch 116,Finance,Manager F,3203381,2748984.04,213,222,90.37,70.97,16,9,Low,81.18
P117,Process Improvement 117,HR,Manager A,2680338,2530336.95,181,188,80.18,81.8,23,7,Low,79.04
P118,System Upgrade 118,Product,Manager B,1717060,2118302.51,155,174,68.88,78.87,25,19,High,78.18
P119,Marketing Campaign 119,HR,Manager H,1495843,1552270.81,167,225,71.2,83.27,6,58,High,68.79
P120,System Upgrade 120,Sales,Manager B,2877074,2803977.09,184,191,73.25,80.9,30,7,Low,92.9
P121,Product Launch 121,Product,Manager G,3471981,3544465.61,61,69,95.48,66.18,19,8,Low,89.82
P122,Marketing Campaign 122,Sales,Manager A,2460826,3394990.48,148,218,48.61,99.82,15,70,Critical,56.51
P123,Product Launch 123,Product,Manager F,3757181,3380496.76,164,174,73.84,83.71,26,10,Low,79.19
P124,Process Improvement 124,IT,Manager C,1826283,1810153.71,224,268,46.71,79.59,9,44,High,73.1
P125,Infrastructure Upgrade 125,HR,Manager A,894274,850854.28,118,127,81.8,69.93,15,9,Low,75.43
P126,Process Improvement 126,IT,Manager B,3638744,3468156.79,98,99,83.63,68.57,27,1,Low,75.75
P127,Product Launch 127,HR,Manager D,3427337,3416754.27,183,229,64.85,79.34,27,46,High,73.34
P128,Product Launch 128,Marketing,Manager F,528625,583300.16,204,214,78.52,97.2,18,10,High,61.82
P129,Product Launch 129,HR,Manager A,4440285,5473685.36,122,190,44.81,96.42,10,68,Critical,43.15
P130,Process Improvement 130,Marketing,Manager B,4531464,4592941.66,82,89,87.72,67.42,25,7,Low,83.11
P131,Infrastructure Upgrade 131,Finance,Manager B,4532654,4349987.79,208,208,78.06,65.94,16,0,Low,75.37
P132,Data Analytics 132,Operations,Manager C,2002025,2312595.96,233,247,59.47,76.63,20,14,High,74.5
P133,Infrastructure Upgrade 133,Finance,Manager D,3017334,2871031.24,129,168,72.81,79.14,19,39,High,50.91
P134,System Upgrade 134,HR,Manager F,1857133,2351476.57,184,198,76.48,84.16,21,14,High,84.42
P135,Data Analytics 135,Marketing,Manager A,1254950,1289817.87,154,167,57.18,95.97,26,13,High,66.51
P136,Infrastructure Upgrade 136,HR,Manager B,1494170,1911523.33,200,212,80.2,81.17,12,12,High,79.25
P137,System Upgrade 137,IT,Manager B,1997618,1964677.24,159,160,70.24,79.17,27,1,Low,89.67
P138,System Upgrade 138,Sales,Manager A,1011083,878775.62,220,224,86.25,76.05,15,4,Low,80.8
P139,Process Improvement 139,Product,Manager E,3391005,4522709.77,212,287,64.74,98.15,18,75,Critical,33.12
P140,Product Launch 140,Marketing,Manager F,3605958,3126840.31,168,168,79.04,74.89,5,0,Low,80.67
P141,Marketing Campaign 141,IT,Manager G,4810796,5238580.63,108,120,63.11,96.73,7,12,High,55.71
P142,Marketing Campaign 142,Marketing,Manager G,1280641,1237220.87,89,98,71.14,83.94,19,9,Low,80.02
P143,Data Analytics 143,Marketing,Manager F,1805487,1774761.84,71,74,78.39,71.87,27,3,Low,84.98
P144,Marketing Campaign 144,Product,Manager E,4888087,4811401.17,167,170,68.12,75.59,11,3,Low,96.62
P145,Marketing Campaign 145,HR,Manager H,3841861,3440276.88,201,202,77.12,69.52,29,1,Low,88.85
P146,Marketing Campaign 146,Operations,Manager C,2246621,3364646.11,210,281,50.03,96.35,21,71,Critical,33.49
P147,System Upgrade 147,Marketing,Manager E,2543037,2620843.85,217,243,51.71,77.61,18,26,High,74.27
P148,Product Launch 148,Marketing,Manager A,4102684,3984831.07,113,113,91.77,75.16,24,0,Low,87.56
P149,Digital Transformation 149,IT,Manager F,1750956,1655785.95,176,179,98.71,63.38,16,3,Low,99.15
P150,Infrastructure Upgrade 150,Finance,Manager E,1713261,1492478.09,79,84,65.62,60.01,6,5,Low,91.26
P151,System Upgrade 151,Operations,Manager G,2115777,2003472.23,69,70,89.33,61.44,13,1,Low,85.76
P152,Process Improvement 152,IT,Manager C,1750632,1523416.01,215,215,99.88,72.74,21,0,Low,80.82
P153,Process Improvement 153,Finance,Manager D,4146259,4929588.92,223,234,69.45,82.88,11,11,High,78.34
P154,Data Analytics 154,Product,Manager E,2790870,2605880.32,189,194,91.61,66.5,30,5,Low,79.74
P155,Process Improvement 155,HR,Manager A,2226676,2442471.01,240,270,57.45,98.91,30,30,High,53.82
P156,Marketing Campaign 156,Marketing,Manager D,1097218,1226728.68,239,257,75.22,99.6,20,18,High,57.64
P157,Product Launch 157,Marketing,Manager B,2819124,3743453.26,87,98,59.51,82.78,16,11,High,72.81
P158,Process Improvement 158,HR,Manager H,4419047,4647581.81,146,201,55.49,80.04,19,55,High,73.27
P159,System Upgrade 159,Operations,Manager D,1707786,1992020.22,64,80,78.47,88.48,12,16,High,75.62
P160,Product Launch 160,Marketing,Manager G,3343586,3016391.57,108,116,83.56,76.1,22,8,Low,83.06
P161,System Upgrade 161,Finance,Manager D,3400737,3516564.19,177,178,76.84,63.2,12,1,Low,89.96
P162,System Upgrade 162,IT,Manager A,2019603,2596749.06,217,283,61.38,95.9,16,66,Critical,57.57
P163,Process Improvement 163,Marketing,Manager E,2047261,2653287.0,208,264,63.12,99.91,17,56,Critical,34.94
P164,Infrastructure Upgrade 164,HR,Manager E,817875,1114494.68,86,153,43.93,97.05,23,67,Critical,34.55
P165,Marketing Campaign 165,Product,Manager G,1295928,1143228.33,187,196,73.63,60.23,9,9,Low,97.04
P166,System Upgrade 166,Finance,Manager H,4409439,4354783.77,165,202,60.72,84.16,14,37,High,67.83
P167,Digital Transformation 167,Product,Manager D,4976321,4555256.18,240,242,81.46,81.05,23,2,Low,99.91
P168,Process Improvement 168,Finance,Manager G,3880355,4226186.32,79,124,50.01,75.49,29,45,High,56.63
P169,Infrastructure Upgrade 169,IT,Manager G,2665251,2853677.67,73,131,63.06,85.19,23,58,High,59.95
P170,Data Analytics 170,Product,Manager C,943031,978903.71,168,228,67.07,77.08,5,60,High,47.66
P171,System Upgrade 171,Finance,Manager A,3015419,4329223.44,106,167,64.73,98.12,15,61,Critical,52.2
P172,Process Improvement 172,Marketing,Manager H,4290328,5499862.6,120,171,58.48,99.58,23,51,Critical,37.78
P173,System Upgrade 173,Product,Manager B,1087100,1098545.71,123,132,89.71,83.43,30,9,Low,77.02
P174,Product Launch 174,Sales,Manager G,4434999,3820556.72,116,124,87.99,78.78,8,8,Low,75.34
P175,Data Analytics 175,Finance,Manager B,1914022,1928234.23,222,231,91.58,66.8,14,9,Low,96.12
P176,Digital Transformation 176,Product,Manager D,2262999,2333802.56,166,174,76.03,68.65,11,8,Low,77.16
P177,System Upgrade 177,Sales,Manager B,2663859,2955879.6,202,232,71.35,94.8,30,30,High,55.74
P178,System Upgrade 178,IT,Manager C,2902187,2884778.54,228,237,88.93,62.22,5,9,Low,88.08
P179,Product Launch 179,HR,Manager E,1178841,1168899.86,102,102,72.92,75.32,6,0,Low,87.12
P180,Product Launch 180,HR,Manager E,1038645,903114.81,171,173,84.09,76.27,28,2,Low,94.67
P181,System Upgrade 181,Product,Manager D,1597353,1608942.82,158,164,84.07,81.8,8,6,Low,93.92
P182,Process Improvement 182,Product,Manager G,3401717,3686430.88,175,186,66.6,93.46,12,11,High,58.47
P183,System Upgrade 183,Marketing,Manager D,521253,515582.73,226,262,53.61,83.9,13,36,High,62.33
P184,Infrastructure Upgrade 184,HR,Manager H,914600,941481.54,106,107,89.36,63.95,16,1,Low,79.15
P185,System Upgrade 185,Operations,Manager E,3514938,3344147.94,173,173,77.73,60.83,20,0,Low,78.8
P186,Data Analytics 186,Finance,Manager F,4618893,5300718.04,78,108,63.08,98.08,10,30,High,79.39
P187,System Upgrade 187,Operations,Manager G,739968,772876.94,84,99,72.76,96.79,16,15,High,79.64
P188,Marketing Campaign 188,Marketing,Manager G,1706123,1890148.19,190,202,63.7,93.99,19,12,High,55.74
P189,Infrastructure Upgrade 189,Operations,Manager A,3989429,4394063.36,76,87,55.1,95.2,19,11,High,55.25
P190,Marketing Campaign 190,IT,Manager D,2240534,2056980.53,146,155,75.69,72.82,25,9,Low,75.83
P191,Data Analytics 191,HR,Manager E,3956653,3758969.44,204,255,56.39,81.63,18,51,High,70.94
P192,System Upgrade 192,Product,Manager C,1521469,1298725.97,137,144,97.13,78.5,27,7,Low,78.19
P193,Data Analytics 193,IT,Manager C,3136722,3330687.36,190,233,48.38,89.84,10,43,High,48.61
P194,Digital Transformation 194,Finance,Manager H,3443295,3134269.78,220,230,72.92,61.86,18,10,Low,93.58
P195,Marketing Campaign 195,Finance,Manager C,1729787,1750276.97,67,93,65.73,95.0,15,26,High,79.86
P196,Infrastructure Upgrade 196,Marketing,Manager E,3171252,2835242.19,128,128,83.38,78.44,13,0,Low,91.73
P197,Digital Transformation 197,IT,Manager B,3677902,3445896.97,227,235,70.77,68.52,26,8,Low,90.18
P198,Marketing Campaign 198,Operations,Manager F,4510162,4872981.31,191,217,59.19,79.62,13,26,High,60.19
P199,Data Analytics 199,Sales,Manager F,4172277,3579618.37,212,217,69.9,61.14,14,5,Low,99.29
P200,Digital Transformation 200,HR,Manager E,3872455,5114843.89,201,206,56.1,78.29,5,5,High,68.47
P201,Digital Transformation 201,HR,Manager E,4575837,4742172.08,165,173,74.96,80.42,21,8,Low,77.85
P202,Infrastructure Upgrade 202,Operations,Manager C,2908630,2865245.0,100,102,97.53,71.26,17,2,Low,84.86
P203,Marketing Campaign 203,Finance,Manager C,4885724,5620111.93,168,183,76.53,75.03,19,15,High,61.49
P204,Product Launch 204,Sales,Manager D,4085681,3845636.22,127,128,85.87,62.31,12,1,Low,93.78
P205,Product Launch 205,IT,Manager D,3801106,4066189.36,202,240,72.4,85.81,29,38,High,49.63
P206,Data Analytics 206,Operations,Manager D,3707796,4658840.26,61,76,72.32,82.29,30,15,High,82.75
P207,Infrastructure Upgrade 207,Product,Manager A,3325494,3210840.71,211,244,68.67,80.21,16,33,High,68.95
P208,Marketing Campaign 208,Operations,Manager C,3161198,2888618.53,100,109,65.96,69.25,5,9,Low,88.15
P209,Marketing Campaign 209,Marketing,Manager H,4115652,4230970.13,66,66,76.89,83.67,14,0,Low,91.15
P210,System Upgrade 210,Finance,Manager C,3526394,4464571.04,185,195,75.65,81.81,17,10,High,84.3
P211,System Upgrade 211,Product,Manager H,3346274,2910791.38,134,139,79.5,83.14,23,5,Low,75.58
P212,Infrastructure Upgrade 212,Operations,Manager E,1282877,1710380.77,229,281,64.52,98.96,17,52,Critical,48.21
P213,Digital Transformation 213,Product,Manager D,3705228,4443981.86,81,92,64.07,81.61,17,11,High,64.87
P214,Data Analytics 214,IT,Manager E,3577099,5365341.37,80,127,49.67,97.76,23,47,Critical,53.47
P215,Product Launch 215,Operations,Manager D,2042247,2638944.49,211,221,83.92,78.42,25,10,High,74.98
P216,Infrastructure Upgrade 216,Product,Manager E,4058539,4567553.32,208,244,73.47,91.48,30,36,High,74.43
P217,Data Analytics 217,Finance,Manager D,4111646,5133246.52,161,167,81.83,85.89,22,6,High,71.09
P218,Infrastructure Upgrade 218,Sales,Manager G,4661900,4064490.76,222,225,87.41,60.08,5,3,Low,97.33
P219,Data Analytics 219,Operations,Manager G,1308258,1684440.27,128,143,70.82,88.08,25,15,High,68.97
P220,System Upgrade 220,Marketing,Manager A,2290008,2757844.23,106,141,53.99,96.05,19,35,Critical,34.29
P221,Digital Transformation 221,HR,Manager D,2608542,2718231.63,60,73,56.65,95.85,7,13,High,66.47
P222,Process Improvement 222,Product,Manager D,2314188,2013779.18,93,98,67.69,67.49,27,5,Low,96.05
P223,Data Analytics 223,Finance,Manager H,3357281,3813352.89,72,123,62.5,75.37,11,51,High,51.78
P224,Process Improvement 224,IT,Manager F,2501676,2334624.8,80,88,96.1,63.07,27,8,Low,96.67
P225,Marketing Campaign 225,Marketing,Manager B,2098099,2649181.04,219,227,78.26,77.14,22,8,High,70.04
P226,Product Launch 226,Sales,Manager F,4863089,5117067.85,157,207,62.8,87.16,21,50,High,46.88
P227,Digital Transformation 227,Marketing,Manager H,2763429,3784503.05,128,196,58.67,95.88,19,68,Critical,58.29
P228,Data Analytics 228,Operations,Manager A,2067343,3057706.33,115,174,35.13,98.22,27,59,Critical,37.63
P229,Process Improvement 229,Operations,Manager E,3482410,3756927.84,76,117,73.7,81.12,13,41,High,59.28
P230,Data Analytics 230,Marketing,Manager H,3388939,3400846.12,164,165,79.55,73.8,6,1,Low,80.3
P231,System Upgrade 231,IT,Manager F,618581,603206.08,159,186,64.34,80.37,25,27,High,65.47
P232,Digital Transformation 232,Product,Manager F,1789467,1560956.43,72,81,68.5,73.6,14,9,Low,75.37
P233,Product Launch 233,HR,Manager F,2211952,3049263.21,159,217,61.33,98.35,30,58,Critical,45.57
P234,Marketing Campaign 234,Product,Manager A,2878907,2778942.68,75,129,50.45,81.25,11,54,High,45.53
P235,Digital Transformation 235,HR,Manager A,3701078,3421083.53,66,76,84.19,76.58,8,10,Low,96.18
P236,System Upgrade 236,IT,Manager H,3411190,3106172.12,104,106,97.81,77.75,6,2,Low,87.1
P237,Infrastructure Upgrade 237,Sales,Manager D,1262371,1879456.45,149,211,41.15,98.66,30,62,Critical,35.87
P238,Product Launch 238,Marketing,Manager A,808617,846080.76,104,111,78.59,75.9,15,7,Low,81.5
P239,Marketing Campaign 239,IT,Manager G,2096853,2253271.66,116,134,58.36,96.13,22,18,High,59.06
P240,Process Improvement 240,Marketing,Manager G,789220,798211.66,193,194,71.31,73.67,7,1,Low,79.14
P241,Marketing Campaign 241,HR,Manager H,2737035,2871139.52,220,221,73.47,81.34,10,1,Low,77.72
P242,Marketing Campaign 242,Finance,Manager C,3414863,4278238.17,123,195,64.44,97.73,8,72,Critical,54.88
P243,Process Improvement 243,HR,Manager C,1969793,2868543.7,76,140,42.42,98.31,5,64,Critical,43.75
P244,Marketing Campaign 244,IT,Manager C,3215223,3661911.07,145,164,56.15,98.63,14,19,High,59.65
P245,System Upgrade 245,Marketing,Manager G,4656004,4405408.69,214,223,70.38,82.53,27,9,Low,97.99
P246,Digital Transformation 246,Operations,Manager A,3207184,3209919.71,126,128,80.55,61.44,30,2,Low,83.93
P247,Marketing Campaign 247,Marketing,Manager E,2136675,2705577.19,173,248,63.69,95.37,26,75,Critical,56.0
P248,Process Improvement 248,HR,Manager A,2260511,2794038.11,198,209,81.78,89.2,25,11,High,79.08
P249,Marketing Campaign 249,Sales,Manager B,3029832,3093476.77,171,179,75.33,69.11,7,8,Low,87.67
P250,System Upgrade 250,Operations,Manager G,3791070,3952792.23,223,270,56.75,90.83,25,47,High,67.97
P251,Digital Transformation 251,IT,Manager E,3867611,3846825.12,113,120,75.65,65.65,24,7,Low,80.76
P252,Infrastructure Upgrade 252,Operations,Manager F,708859,696531.54,135,143,79.79,81.21,22,8,Low,97.4
P253,System Upgrade 253,HR,Manager A,2031064,2132431.93,185,188,91.4,84.62,25,3,Low,88.56
P254,System Upgrade 254,IT,Manager H,2248982,2564838.83,90,124,55.85,83.19,20,34,High,53.9
P255,Process Improvement 255,IT,Manager C,4595077,5006069.31,124,180,69.11,76.67,19,56,High,65.84
P256,Data Analytics 256,Sales,Manager E,4168280,3586300.83,140,148,76.75,68.63,24,8,Low,78.93
P257,Digital Transformation 257,IT,Manager G,2622827,3282033.99,171,191,66.53,86.02,23,20,High,79.55
P258,Data Analytics 258,Operations,Manager H,2968665,4191333.3,92,159,36.55,99.8,5,67,Critical,39.27
P259,Process Improvement 259,Product,Manager H,2973199,3227200.83,123,170,69.49,80.38,29,47,High,68.9
P260,Infrastructure Upgrade 260,Sales,Manager F,3932207,4748244.34,142,157,67.35,77.87,10,15,High,68.35
P261,Data Analytics 261,IT,Manager D,654692,603083.25,177,178,88.99,70.82,9,1,Low,76.8
P262,Infrastructure Upgrade 262,Product,Manager G,4608502,5245648.09,73,105,60.56,76.15,21,32,High,48.09
P263,Marketing Campaign 263,Marketing,Manager E,3969992,4252244.67,141,199,53.06,83.21,28,58,High,64.7
P264,System Upgrade 264,Product,Manager B,3968582,5504798.79,216,297,54.25,97.32,26,81,Critical,58.95
P265,Product Launch 265,Sales,Manager C,1277567,1711105.2,107,121,73.37,81.74,26,14,High,83.48
P266,Data Analytics 266,HR,Manager C,1379459,1186469.64,157,157,85.4,60.38,21,0,Low,88.55
P267,Product Launch 267,Operations,Manager A,3067587,3071415.32,132,159,73.71,93.65,29,27,High,63.02
P268,Process Improvement 268,Sales,Manager D,4827802,5065583.11,132,132,88.47,73.67,22,0,Low,92.85
P269,Process Improvement 269,Sales,Manager A,2720182,2718854.43,170,205,66.98,82.8,30,35,High,62.91
P270,Infrastructure Upgrade 270,Marketing,Manager F,3082153,3265902.4,141,156,73.45,98.2,18,15,High,58.74
P271,Digital Transformation 271,Product,Manager B,4128104,4571781.91,193,238,71.21,81.99,10,45,High,57.83
P272,Marketing Campaign 272,Finance,Manager B,3651396,3705979.43,138,143,85.96,79.63,17,5,Low,82.53
P273,System Upgrade 273,Sales,Manager E,4199509,5554409.94,147,219,39.81,94.96,9,72,Critical,53.6
P274,Product Launch 274,Finance,Manager E,4070118,4222721.14,168,187,63.92,96.75,30,19,High,74.86
P275,Infrastructure Upgrade 275,IT,Manager E,3638102,4093824.8,155,200,47.33,90.36,17,45,High,60.09
P276,Data Analytics 276,Product,Manager A,576240,615930.48,135,157,64.62,98.05,20,22,High,53.53
P277,Process Improvement 277,IT,Manager G,3244804,3190127.87,193,231,64.04,77.07,23,38,High,51.67
P278,Marketing Campaign 278,IT,Manager B,2456874,2280486.6,226,228,91.23,68.39,28,2,Low,90.41
P279,Infrastructure Upgrade 279,HR,Manager A,2109184,2177503.88,78,103,60.98,85.73,17,25,Medium,65.9
P280,Process Improvement 280,HR,Manager H,1633183,1804009.6,147,172,68.78,75.31,29,25,Medium,65.2
P281,Process Improvement 281,Operations,Manager G,3524015,3942193.06,84,115,50.5,82.67,6,31,High,57.14
P282,System Upgrade 282,Sales,Manager C,3950087,5382105.28,205,275,51.37,99.09,21,70,Critical,32.22
P283,Process Improvement 283,Marketing,Manager E,4522261,4696409.6,138,147,72.7,68.03,26,9,Low,93.23
P284,Data Analytics 284,Operations,Manager G,1965915,1808620.15,175,185,94.1,69.48,21,10,Low,84.33
P285,Product Launch 285,Sales,Manager D,1199895,1203858.27,107,116,83.24,73.7,11,9,Low,91.94
P286,System Upgrade 286,Finance,Manager A,1406450,1380762.28,103,143,62.91,87.9,30,40,High,71.67
P287,Data Analytics 287,HR,Manager E,2453341,2288953.03,229,239,72.08,66.77,29,10,Low,81.04
P288,Data Analytics 288,Operations,Manager B,2305518,2280690.4,139,141,88.08,80.55,21,2,Low,81.8
P289,Infrastructure Upgrade 289,Product,Manager A,684514,731786.98,225,271,68.3,76.07,19,46,High,68.34
P290,Data Analytics 290,Sales,Manager G,2623091,2509603.7,160,205,69.73,90.1,28,45,High,70.74
P291,Data Analytics 291,Product,Manager A,2772759,2726604.71,216,217,73.72,81.12,26,1,Low,92.67
P292,System Upgrade 292,Product,Manager H,4132403,4130902.04,199,208,81.3,60.14,19,9,Low,82.6
P293,System Upgrade 293,HR,Manager A,4543763,5011182.98,208,264,48.98,80.25,15,56,High,45.16
P294,Process Improvement 294,Operations,Manager H,4790697,5882238.6,142,150,81.05,83.54,15,8,High,83.23
P295,Process Improvement 295,Sales,Manager D,1617374,1518086.44,118,119,93.15,76.24,24,1,Low,98.5
P296,System Upgrade 296,Product,Manager C,3938780,4028301.71,205,212,70.86,83.54,9,7,Low,76.36
P297,Digital Transformation 297,Operations,Manager G,1365256,1334111.87,209,212,72.15,70.35,26,3,Low,86.38
P298,Process Improvement 298,Sales,Manager A,749265,832105.38,207,261,64.17,90.47,30,54,High,57.06
P299,Process Improvement 299,HR,Manager B,2358997,2440776.42,85,139,63.49,90.57,27,54,High,71.49
P300,Infrastructure Upgrade 300,Product,Manager C,2394554,2716872.65,240,264,70.47,97.22,19,24,High,75.42
